{"initial_reset_timestamp": 826.2573141, "timestamps": [829.2129384, 830.4788428, 831.7162135, 832.953023, 834.1913779, 835.4608455, 836.7034235, 839.3955431, 840.659783, 841.894027, 843.1292408, 844.3661568, 845.6022451, 846.8383449, 848.0724352, 849.3121166, 850.5534076, 851.789673, 853.0266777, 854.2641554, 855.4977646, 856.7347621, 857.969858, 859.2074057, 860.4432011, 861.6783307, 864.2658547, 865.5298305, 866.765647, 867.9993186, 869.233289, 870.4690277, 871.6988234, 872.9331412, 874.1670805, 875.4034199, 876.6364462, 877.8753615, 879.1118196, 880.3486525, 881.5823699, 882.8180878, 884.0569568, 885.2917344, 886.5281316, 887.7642429, 889.001474, 890.2376084, 891.4733711, 892.7095345], "episode_lengths": [200, 200, 200, 200, 200, 200, 200, 200, 200, 200, 200, 200, 200, 200, 200, 200, 200, 200, 200, 200, 200, 200, 200, 200, 200, 200, 200, 200, 200, 200, 200, 200, 200, 200, 200, 200, 200, 200, 200, 200, 200, 200, 200, 200, 200, 200, 200, 200, 200, 200], "episode_rewards": [200.0, 200.0, 200.0, 200.0, 200.0, 200.0, 200.0, 200.0, 200.0, 200.0, 200.0, 200.0, 200.0, 200.0, 200.0, 200.0, 200.0, 200.0, 200.0, 200.0, 200.0, 200.0, 200.0, 200.0, 200.0, 200.0, 200.0, 200.0, 200.0, 200.0, 200.0, 200.0, 200.0, 200.0, 200.0, 200.0, 200.0, 200.0, 200.0, 200.0, 200.0, 200.0, 200.0, 200.0, 200.0, 200.0, 200.0, 200.0, 200.0, 200.0], "episode_types": ["t", "t", "t", "t", "t", "t", "t", "t", "t", "t", "t", "t", "t", "t", "t", "t", "t", "t", "t", "t", "t", "t", "t", "t", "t", "t", "t", "t", "t", "t", "t", "t", "t", "t", "t", "t", "t", "t", "t", "t", "t", "t", "t", "t", "t", "t", "t", "t", "t", "t", "t", "t"]}