{"initial_reset_timestamp": 892.7322927, "timestamps": [893.263049, 893.5777261, 893.7064891, 893.8291719, 893.9027975, 894.0462118, 894.1688944, 894.2364432, 894.9016104, 895.0498209, 895.1048261, 895.3252886, 895.4479711, 895.5399827, 895.6442621, 895.8121411, 895.8673551, 896.2019283, 896.2755173, 896.4678006, 896.5659859, 896.6518209, 896.7193247, 896.9104431, 897.0954086, 897.2529324, 897.3900303, 897.6204703, 897.7915402, 898.030921, 898.0941513, 898.2168467, 898.3470337, 898.5923958, 898.6721467, 898.7825643, 898.9808375, 899.0916244, 899.168821, 899.2301839, 899.3295857, 899.5280001, 899.590506, 899.7936953, 900.0268502, 900.1017773, 900.1570032, 900.2811871, 900.3862307, 900.5027295, 900.6317125, 900.7482356, 900.8361086, 900.9771941, 901.1696634, 901.406437, 901.7453835, 901.8253649, 901.9971573, 902.1078273, 902.290084, 902.3468814, 902.4696081, 902.5861243, 902.8502974, 903.0028314, 903.2627346, 903.4233101, 903.5081079, 903.5905921, 903.6952612, 904.1561921, 904.2375639, 904.2989213, 904.5145762, 904.6678534, 904.8412181, 905.0068131, 905.0817813, 905.1819148, 905.3332316, 905.4191143, 905.6902303, 905.8071417, 905.9544194, 906.109613, 906.2101485, 906.5365262, 906.7388742, 906.8507247, 906.9181154, 907.0658181, 907.1780828, 907.4357671, 907.7069797, 907.8357943, 907.9836473, 908.1876225, 908.2979979, 908.4218808, 908.5077689, 908.6243448, 908.9626637, 909.0863146, 909.2105755, 909.4252392, 909.4927053, 909.5479082, 909.6844175, 910.0279815, 910.1245704, 910.3891229, 910.4969039, 910.6440919, 910.7238126, 910.7790154, 910.858823, 910.9763255, 911.1743169, 911.2550339, 911.598672, 911.6968027, 911.7776556, 912.041463, 912.1211991, 912.4695493, 912.7391606, 912.867953, 912.9548566, 913.0468794, 913.1771442, 913.3253511, 913.7074937, 913.7995027, 913.9099293, 914.0693937, 914.400077, 914.5350369, 914.6025206, 914.7383481, 914.8855714, 915.1421238, 915.3414551, 915.4825177, 915.5746113, 915.6497232, 915.7478175, 915.9073942, 915.9809641, 916.1801628, 916.3422638, 916.4097336, 916.5323994, 916.5814733, 916.7194418, 916.9099451, 917.0162718, 917.1144635, 917.1948928, 917.2844899, 917.6418667, 917.7523536, 917.9517491, 918.0499116, 918.1650021, 918.3815317, 918.4981369, 918.5815541, 918.886947, 918.9853646, 919.087943, 919.251368, 919.3374941, 919.5491934, 919.6710634, 919.9137032, 919.9823071, 920.0497586, 920.123464, 920.365326, 920.4818764, 920.5494152, 920.8329521, 920.9495066, 921.2787022, 921.3641805, 921.4730287, 921.6488391, 921.7916449, 921.969357, 922.1364546, 922.243729, 922.3862001, 922.5457232, 922.6683884, 922.8905647, 923.0193745, 923.3082041, 923.4308823, 923.5904255, 923.7518201, 923.9235518, 924.0156054, 924.1288038, 924.2891518, 924.5244411, 924.633755, 924.7870654, 924.9371241, 925.0843167, 925.1800531, 925.2414242, 925.4695968, 925.5923093, 925.7395392, 925.8210059, 926.2405518, 926.3919282, 926.4655485, 926.5698046, 926.6556934, 926.7676586, 926.8228598, 926.9639441, 927.1618354, 927.2262622, 927.3205491, 927.418717, 927.642212, 927.8384885, 927.9927902, 928.1226521, 928.2358174, 928.33256, 928.4061465, 928.4797387, 928.5779358, 928.6823072, 928.7439481, 928.8634733, 928.9840841, 929.0515324, 929.1500954, 929.238002, 929.3178996, 929.5730867, 929.7714689, 929.8327536, 929.9923276, 930.1701286, 930.2913276, 930.482956, 930.5688525, 930.772738, 930.8526524, 930.9508337, 931.0488734, 931.3341362, 931.4323744, 931.6486479, 931.8647447, 931.9876928, 932.2146737, 932.378065, 932.4594901, 932.5514886, 932.6496485, 932.7968687, 932.8889151, 932.988203, 933.2407811, 933.3487772, 933.4223902, 933.6452521, 933.7557229, 933.8920244, 934.0699552, 934.1496926, 934.2294178, 934.296906, 934.4315993, 934.6463063, 934.7076295, 934.8058131, 934.8732437, 935.0158205, 935.0833152, 935.1753045, 935.2429338, 935.4126251, 935.4932707, 935.6408573, 935.8617458, 936.010188, 936.1574272, 936.2412651, 936.3087462, 936.4135645, 936.5055916, 936.6485875, 936.9322781, 937.0365574, 937.1045974, 937.1961919, 937.2663256, 937.4670815, 937.6213416, 937.73441, 937.8628825, 937.9855587, 938.1279969, 938.2896508, 938.4150653, 938.6018613, 938.7000123, 938.779787, 938.9293712, 938.9913807, 939.1018118, 939.2183364, 939.280841, 939.4972785, 939.6026757, 939.6946702, 939.8235112, 939.8909896, 940.1067416, 940.268423, 940.3432132, 940.4317841, 940.5743973, 940.6541282, 940.7952306, 940.9011129, 940.9992188, 941.0851179, 941.164876, 941.2572089, 941.439444, 941.893547, 941.9671583, 942.0846623, 942.1643159, 942.4735398, 942.6211388, 942.7684069, 943.0580883, 943.1316197, 943.1869067, 943.2802918, 943.3845778, 943.471578, 943.6324897, 943.7735913, 943.8288368, 943.9023859, 943.9637497, 944.0250748, 944.1428524, 944.2305298, 944.348719, 944.3978119, 944.4667008, 944.7135807, 944.8363014, 944.9467467, 945.0397757, 945.1194874, 945.4806577, 945.6292435, 945.8010237, 945.9182157, 946.0908047, 946.1766787, 946.2451907, 946.4180053, 946.6114619, 946.6794235, 946.7533279, 946.869578, 946.9677622, 947.0731107, 947.2715002, 947.4262312, 947.5839883, 947.7235775, 947.8463223, 948.011883, 948.1297693, 948.2294775, 948.3776901, 948.5334729, 948.7125094, 948.8597496, 948.9578917, 949.0192286, 949.2188076, 949.2862875, 949.42863, 949.6220244, 949.7581226, 949.8881278, 950.0547592, 950.189789, 950.2878988, 950.3563652, 950.4176727, 950.5301095, 950.6354885, 950.7274905, 950.8072441, 950.9544454, 951.3151749, 951.462523, 951.5759094, 951.6862917, 951.8212634, 951.9561977, 952.2675766, 952.3902602, 952.5877494, 952.6624078, 952.7421304, 952.8770304, 952.9812897, 953.0989155, 953.1936889, 953.285652, 953.4287099, 953.5393675, 953.6129671, 953.7550874, 953.834807, 953.9575126, 954.0617904, 954.3294659, 954.4290125, 954.520996, 954.5772283, 954.6754258, 954.8358901, 954.934051, 955.0383298, 955.2853672, 955.3896477, 955.4571065, 955.6317703, 955.8341599, 956.006891, 956.2365988, 956.3286036, 956.4390311, 956.5748119, 956.6499685, 956.79107, 956.9199039, 957.141678], "episode_lengths": [24, 18, 17, 20, 12, 23, 20, 11, 48, 18, 9, 35, 20, 15, 17, 27, 9, 54, 12, 31, 16, 14, 11, 31, 30, 25, 22, 15, 24, 39, 10, 20, 21, 40, 13, 18, 32, 18, 12, 10, 16, 32, 10, 33, 38, 12, 9, 20, 17, 19, 21, 19, 14, 23, 31, 38, 55, 13, 28, 18, 29, 9, 20, 19, 18, 21, 41, 26, 14, 13, 17, 74, 13, 10, 35, 25, 28, 27, 12, 16, 24, 14, 44, 19, 24, 25, 16, 53, 33, 18, 11, 24, 18, 41, 44, 21, 24, 32, 18, 20, 14, 19, 55, 20, 20, 35, 11, 9, 22, 56, 15, 43, 17, 24, 13, 9, 13, 19, 32, 13, 56, 16, 13, 43, 13, 24, 39, 21, 14, 15, 21, 24, 62, 15, 18, 26, 53, 22, 11, 22, 24, 41, 32, 23, 15, 11, 16, 26, 12, 32, 26, 11, 20, 8, 19, 31, 17, 16, 13, 14, 58, 18, 32, 16, 18, 35, 19, 13, 30, 14, 14, 22, 14, 34, 19, 39, 11, 11, 12, 39, 19, 11, 46, 19, 40, 14, 17, 28, 23, 29, 27, 17, 23, 26, 20, 36, 21, 46, 20, 26, 26, 28, 15, 18, 17, 24, 17, 25, 24, 24, 15, 10, 37, 20, 24, 13, 30, 19, 12, 17, 14, 18, 9, 23, 32, 10, 15, 16, 36, 32, 25, 21, 18, 15, 12, 12, 16, 16, 10, 19, 19, 11, 16, 13, 12, 41, 32, 10, 26, 29, 19, 31, 14, 33, 13, 16, 14, 36, 16, 34, 35, 20, 37, 26, 13, 15, 16, 24, 15, 16, 41, 17, 12, 36, 18, 22, 29, 13, 13, 11, 21, 35, 10, 16, 11, 23, 11, 15, 11, 27, 13, 24, 36, 24, 24, 13, 11, 17, 15, 23, 46, 17, 11, 15, 11, 30, 25, 18, 21, 20, 23, 26, 20, 30, 16, 13, 24, 10, 18, 19, 10, 35, 17, 15, 21, 11, 35, 26, 12, 14, 23, 13, 23, 17, 16, 14, 13, 15, 29, 74, 12, 18, 13, 21, 20, 24, 47, 12, 9, 15, 17, 14, 26, 23, 9, 12, 10, 10, 19, 14, 19, 8, 11, 40, 20, 18, 15, 13, 58, 24, 28, 19, 28, 14, 11, 28, 31, 11, 12, 19, 16, 17, 32, 25, 25, 23, 20, 27, 19, 16, 24, 25, 29, 24, 16, 10, 32, 11, 23, 31, 22, 21, 27, 22, 16, 11, 10, 18, 17, 15, 13, 24, 58, 24, 18, 18, 22, 22, 50, 20, 32, 12, 13, 22, 17, 19, 15, 15, 23, 18, 12, 23, 13, 20, 17, 43, 16, 15, 9, 16, 26, 16, 17, 40, 17, 11, 28, 33, 28, 37, 15, 18, 22, 12, 23, 21, 36],